{"type":"Topology","transform":{"scale":[0.0022778372609686026,0.0016514325364681561],"translate":[-124.73317395017924,24.563328006223177]},"arcs":[[[12683,9758],[15,129],[-51,184],[1,158],[-75,51],[-11,44],[24,110],[-43,65],[14,42],[-63,47],[-33,73],[9,52],[-39,58],[14,75],[-40,11],[-17,83],[-53,85],[88,212],[-18,61]],[[12405,11298],[-49,45]],[[12356,11343],[29,55]],[[12385,11398],[-26,57]],[[12359,11455],[-8,12]],[[12351,11467],[2363,0]],[[14714,11467],[5,-89],[65,-59],[-52,-73],[13,-138],[36,-95],[51,-39],[105,-30],[30,-78]],[[14967,10866],[1246,-9],[-11,-135],[69,-127],[29,-137],[33,-75],[90,-52],[73,4],[146,78]],[[16642,10413],[887,0],[0,-39]],[[17529,10374],[593,23]],[[18122,10397],[91,-57],[72,-21],[108,-93],[154,-42],[208,81],[118,-17],[131,113],[195,109],[211,75]],[[19410,10545],[1,-811]],[[19411,9734],[-26,-15]],[[19385,9719],[-8,-84]],[[19377,9635],[-2,-95],[-61,-147],[-23,-126]],[[19291,9267],[-15,-42]],[[19276,9225],[-17,-64]],[[19259,9161],[-28,-46],[-127,-138],[-70,-28],[-35,41],[-50,-86]],[[18949,8904],[-53,-25]],[[18896,8879],[-51,-105],[11,-53],[-112,36],[-81,-144],[20,-109],[-50,-17]],[[18633,8487],[-18,-81],[-89,-25]],[[18526,8381],[-72,84],[-64,29],[-20,100],[-62,-18],[-49,-61],[-45,2],[-121,45],[-106,-31],[-48,67],[-150,26],[-10,53],[-94,136],[-74,-27]],[[17611,8786],[-60,45],[-63,-55]],[[17488,8776],[50,-106],[-45,-52],[-126,-65],[-45,32],[-70,-7],[9,-100],[-37,-58],[-47,-18],[-31,-84],[-67,-14],[-33,-65],[-9,-88],[-46,-19],[-101,36],[-52,47],[-63,-55],[7,-66],[-99,-22],[-38,64],[-94,-56],[-43,-73],[-123,95],[-80,-34],[-104,-6]],[[16201,8062],[-35,-20]],[[16166,8042],[-18,-44],[-92,-66],[40,-110],[-93,-17],[-85,-39],[-18,-63],[40,-80],[-53,-50]],[[15887,7573],[-163,94],[-50,-8],[-66,-99],[36,-53],[-17,-69]],[[15627,7438],[-28,-71],[18,-38],[-34,-60],[-56,35],[-50,-35]],[[15477,7269],[-40,-14],[11,-71]],[[15448,7184],[2,-91]],[[15450,7093],[-27,-24]],[[15423,7069],[0,-71],[-34,-21]],[[15389,6977],[-12,-51]],[[15377,6926],[-295,-3]],[[15082,6923],[70,114],[60,53],[9,68],[-40,69]],[[15181,7227],[-1960,1]],[[13221,7228],[5,1583]],[[13226,8811],[-32,43],[-64,16],[-69,139],[-56,63],[99,173],[-20,35]],[[13084,9280],[-96,10]],[[12988,9290],[-73,65]],[[12915,9355],[-36,36]],[[12879,9391],[-99,163],[-38,109]],[[12742,9663],[-29,32]],[[12713,9695],[-30,63]],[[4481,4962],[20,106]],[[4501,5068],[-5,24]],[[4496,5092],[-56,33]],[[4440,5125],[-12,13]],[[4428,5138],[-18,22]],[[4410,5160],[7,105],[-26,27],[91,152],[13,93],[-18,138],[44,92]],[[4521,5767],[90,60]],[[4611,5827],[40,71],[-86,89],[-45,88],[-15,70],[-72,98],[1,78],[-535,586],[-723,757],[-534,534],[-565,544],[1,1813],[1305,4],[3,1101],[37,103],[-18,58],[36,47],[-35,49],[-109,33],[-1,112],[33,32],[39,116],[56,34],[45,91],[-7,54],[52,72],[24,109],[93,175],[-38,86],[-103,44],[-75,168],[14,39],[-49,152],[1,1563]],[[3381,14797],[5700,0]],[[9081,14797],[4,-2347],[-8,-77],[2,-2419]],[[9079,9954],[878,0],[5,-2427]],[[9962,7527],[-422,4]],[[9540,7531],[0,-303]],[[9540,7228],[-17,0],[-1,-1501],[-9,-618],[0,-606]],[[9513,4503],[-1561,0],[-9,-12]],[[7943,4491],[-2,-49],[43,-56]],[[7984,4386],[8,-14],[-737,0],[0,-272],[-1259,-1],[-1641,705],[2,74],[47,77],[77,7]],[[21668,8146],[-178,-22],[-40,34],[21,60],[-55,26],[39,110],[-107,-34],[-73,47],[-26,57],[84,79],[-46,87],[21,30],[15,121],[-49,101],[39,93],[63,45],[-8,34],[-122,-46],[-30,-76],[-48,-46],[53,-94],[-50,-59],[-25,-91],[34,-175],[47,-57],[-18,-40],[45,-110],[-8,-117]],[[21246,8103],[-78,49],[-39,75],[-103,8],[-48,27],[-83,97]],[[20895,8359],[-64,-15],[-18,70],[34,82]],[[20847,8496],[51,25],[40,94],[57,62],[-58,62],[-34,-37]],[[20903,8702],[-81,71],[-79,35]],[[20743,8808],[10,72],[-35,23]],[[20718,8903],[-33,22]],[[20685,8925],[-54,59]],[[20631,8984],[-42,101]],[[20589,9085],[-22,30]],[[20567,9115],[-25,2]],[[20542,9117],[-6,-7]],[[20536,9110],[-56,38],[-66,2]],[[20414,9150],[-14,-33],[-72,2],[-14,-44]],[[20314,9075],[-46,-19],[-70,27]],[[20198,9083],[-4,14]],[[20194,9097],[-19,10]],[[20175,9107],[19,8]],[[20194,9115],[-40,-17]],[[20154,9098],[-58,-89],[-39,26],[-131,-115]],[[19926,8920],[-62,-53]],[[19864,8867],[4,312]],[[19868,9179],[-458,0]],[[19410,9179],[0,1366]],[[19410,10545],[162,82],[256,144],[66,62],[118,61],[45,83],[79,49],[-27,179],[-49,46],[-10,73],[226,64],[195,4],[151,-21],[91,-64],[70,24],[126,8],[49,-16],[128,50],[125,107],[88,15],[12,51],[-21,109],[48,52],[-103,130],[72,58],[72,28],[105,92],[25,79],[200,190],[137,81],[64,20],[297,-15],[477,15],[346,-7],[339,5],[62,156],[319,68],[-39,79],[72,93],[77,41],[-15,36],[70,59],[-26,77],[36,77],[-25,28],[44,95],[60,40],[26,170],[339,463],[85,-32],[-8,-92],[64,-47],[143,66],[87,0],[42,44],[144,-97],[73,-80],[4,-681],[-10,-160],[132,-55],[-1,-60],[38,-68],[-31,-58],[63,-93],[80,19],[73,-191],[-69,-106],[-93,-10],[-18,-34],[-195,-61],[-81,-72],[-63,60],[-114,5],[-56,-103],[-75,13],[-35,56],[-58,-43],[-70,-149],[14,-40],[-81,-76],[-48,70],[-39,-79],[-84,-40],[-81,-70],[-15,115],[-143,-86],[-27,-50],[26,-74],[-72,-22],[3,-48],[-43,-62],[-46,-16],[-48,-148],[-65,-101],[20,-203],[-119,-165],[45,-33],[75,5],[55,-99],[-30,-56],[55,-30],[26,-55],[-105,-132],[-72,-17],[0,-44],[-115,-34],[-21,111],[-44,35],[-44,-93],[9,-57],[-59,-62],[-134,-43],[-144,12],[-33,-25],[-208,-17],[-82,8],[-41,-38],[-109,-53],[-160,-60],[-64,-64],[-18,-53],[-50,-13],[-21,-56],[-100,-46],[-37,-84],[133,-56],[4,-61],[-38,-195],[-57,-131],[15,-32],[-103,-105],[-56,-110],[-121,-160],[-45,51],[-121,38],[-82,60],[-18,-164],[42,-92],[51,-66],[44,-3],[18,-217],[-33,-43],[-12,-76],[-92,-99],[-7,-41]],[[24766,11906],[-49,52],[50,81],[53,-35],[-54,-98]],[[23735,10276],[23,116],[53,30],[86,-42],[159,57],[-34,-77],[-113,-24],[-59,10],[-35,-58],[-80,-12]],[[23764,10245],[67,-80],[-113,-5],[3,56],[43,29]],[[22286,9777],[26,49],[58,4],[21,42],[102,35],[117,-12],[49,44],[151,-7],[62,10],[68,42],[48,-33],[93,34],[24,-38],[-136,-77],[-173,-52],[-17,-18],[-148,-20],[-86,-34],[-72,-3],[-108,-35],[-86,-8],[7,77]],[[9081,14797],[2994,1],[-3,-33]],[[12072,14765],[64,-158],[-28,-55],[13,-107]],[[12121,14445],[-13,0]],[[12108,14445],[18,-74],[-16,-76],[55,-180],[61,-121],[18,-100],[7,-186]],[[12251,13708],[-8,-5]],[[12243,13703],[10,-135],[37,-298],[41,-77],[40,-161],[-12,-159],[-121,-131],[72,-114],[75,-25],[30,-46]],[[12415,12557],[0,-1090],[-64,0]],[[12359,11455],[26,-57]],[[12385,11398],[-29,-55]],[[12356,11343],[49,-45]],[[12683,9758],[30,-63]],[[12713,9695],[29,-32]],[[12879,9391],[36,-36]],[[12988,9290],[28,-26],[68,16]],[[13226,8811],[-5,-1281]],[[13221,7530],[-3259,-3]],[[9962,7527],[-5,1820],[0,607],[-878,0]],[[15082,6923],[283,3]],[[15365,6926],[9,-23]],[[15374,6903],[-1,-34]],[[15373,6869],[-46,-91],[-153,-203],[41,-23],[-2,-94],[-53,-118],[-47,-23],[926,0]],[[16039,6317],[44,-62],[-164,-1816]],[[15919,4439],[34,-916],[-27,-32],[-67,29],[-53,-20],[-36,25],[-90,0],[-177,-79],[-12,-30],[-92,-26],[-26,-82],[-52,-50],[56,-41],[51,10],[4,61],[42,28],[47,-59],[11,-57],[-59,-73],[-58,-42],[-38,-58],[71,-70],[123,-61],[12,-56],[-109,-17],[-151,54],[8,72],[-74,14],[-91,71],[-20,-46],[76,-27],[4,-160],[-77,-63],[-12,101],[-80,45],[-80,-25],[-32,-99],[-73,-10],[-46,46],[-46,0],[-98,46],[32,107],[-85,72],[-50,-1],[-42,113],[-58,7],[-47,-28],[-15,81],[-135,-67],[39,-63],[-80,-54],[-141,28],[-155,83],[-100,35],[-212,-16],[-70,-34],[-38,60]],[[13525,3165],[60,120]],[[13585,3285],[31,47]],[[13616,3332],[-7,12]],[[13609,3344],[20,34],[-7,90],[-27,26],[19,149],[74,149],[-8,37],[28,88],[-70,194],[-73,142],[17,71],[-46,117],[-62,58],[-1,944],[-148,-5],[-46,57],[24,1062]],[[13303,6557],[-82,671]],[[13221,7228],[1960,-1]],[[14355,3037],[58,38],[73,-47],[-37,-54],[-94,63]],[[20847,8496],[-33,-77],[36,-82],[45,22]],[[21246,8103],[45,-34],[-40,-74],[35,-230],[-12,-46],[-101,-40],[92,-71],[-10,-69],[98,-64],[44,7],[51,-195],[-3,-65],[-69,8],[76,-133],[3,-74],[-87,-9],[-154,-40],[-22,-33],[-107,-11],[-7,-43],[155,-4],[69,34],[66,2],[33,-60],[60,44],[53,-84],[-1,-120],[-102,-80],[-47,-75],[-102,-12],[-42,49],[-32,-36],[-105,35],[76,-169],[-62,-111],[104,